<?xml version="1.0" encoding="UTF-8"?>
<project-private xmlns="http://www.netbeans.org/ns/project-private/1">
    <editor-bookmarks xmlns="http://www.netbeans.org/ns/editor-bookmarks/1"/>
    <editor-bookmarks xmlns="http://www.netbeans.org/ns/editor-bookmarks/2" lastBookmarkId="0"/>
    <open-files xmlns="http://www.netbeans.org/ns/projectui-open-files/2">
        <group>
            <file>file:/E:/Study/Harsh%20Study/MCA/Sem%204/Project/Harsh%20MCA%20Capestone%20Project/MCA%20project%20by%20Harsh/library-source-database_workbench_nb11/source_code/src/MainClass.java</file>
        </group>
    </open-files>
</project-private>
